item_code,region,segment,format,sales_total,sales_mean,units_total,units_mean,price_mean,var_pct_mean,high_value_ratio,high_turnover_ratio,n_weeks,cluster,cluster_nombre
7501058712813,Area 1,Powder,Polvo,3.887,0.11105714285714285,0.067,0.0019142857142857145,57.92285714285714,-99.84285714285714,1.0,0.0,35,0,Presencia Marginal
7501058712813,Area 2,Powder,Polvo,3.152,0.0985,0.055,0.00171875,57.203125,-99.853125,1.0,0.03125,32,0,Presencia Marginal
7501058712813,Area 3,Powder,Polvo,3.47,0.11965517241379311,0.101,0.0034827586206896553,54.720000000000006,-99.86206896551724,0.896551724137931,0.06896551724137931,29,0,Presencia Marginal
7501058712813,Area 4,Powder,Polvo,0.059,0.059,0.001,0.001,59.0,-99.9,1.0,0.0,1,0,Presencia Marginal
7501058712813,Area 5,Powder,Polvo,2.322,0.13658823529411765,0.043,0.002529411764705882,53.374117647058824,-99.83529411764707,1.0,0.058823529411764705,17,0,Presencia Marginal
7501058712813,Area 6,Powder,Polvo,1.553,0.09135294117647058,0.026000000000000002,0.0015294117647058824,59.77470588235294,-99.88235294117646,1.0,0.0,17,0,Presencia Marginal
7501058713780,Area 1,Powder,Polvo,0.27,0.03375,0.011,0.001375,23.25,-99.8625,0.0,0.0,8,0,Presencia Marginal
7501058713780,Area 2,Powder,Polvo,0.579,0.030473684210526313,0.023,0.0012105263157894737,25.456315789473685,-99.87894736842105,0.0,0.0,19,0,Presencia Marginal
7501058713780,Area 3,Powder,Polvo,0.07200000000000001,0.024000000000000004,0.003,0.001,24.0,-99.90000000000002,0.0,0.0,3,0,Presencia Marginal
7501058713780,Area 4,Powder,Polvo,0.26,0.08666666666666667,0.013,0.004333333333333333,23.636666666666667,-99.90000000000002,0.0,0.3333333333333333,3,0,Presencia Marginal
7501058713780,Area 5,Powder,Polvo,0.388,0.043111111111111114,0.023,0.0025555555555555557,21.895555555555557,-99.9,0.0,0.3333333333333333,9,0,Presencia Marginal
7501058713780,Area 6,Powder,Polvo,0.222,0.02775,0.008,0.001,27.75,-99.9,0.0,0.0,8,0,Presencia Marginal
7501058714596,Area 1,Bar,Barra,5123.734,64.04667500000001,403.701,5.0462625,12.675875000000001,-65.76375,0.0,1.0,80,4,Alta Rotación
7501058714596,Area 2,Bar,Barra,13431.382,167.89227499999998,1077.725,13.4715625,12.43925,-38.65375,0.0,1.0,80,4,Alta Rotación
7501058714596,Area 3,Bar,Barra,6324.743,79.05928750000001,522.753,6.5344125,12.13975,-66.84625,0.0,1.0,80,4,Alta Rotación
7501058714596,Area 4,Bar,Barra,6011.323,75.1415375,497.561,6.2195124999999996,12.145,-66.7175,0.0,1.0,80,4,Alta Rotación
7501058714596,Area 5,Bar,Barra,8054.443,100.6805375,652.767,8.1595875,12.398375,-66.79125,0.0,1.0,80,4,Alta Rotación
7501058714596,Area 6,Bar,Barra,10796.353000000001,134.95441250000002,875.484,10.94355,12.356625,-59.0475,0.0,1.0,80,4,Alta Rotación
7501058715012,Area 1,Powder,Polvo,0.40800000000000003,0.0408,0.016,0.0016,26.25,-99.899,0.0,0.0,10,0,Presencia Marginal
7501058715012,Area 2,Powder,Polvo,0.357,0.03966666666666666,0.013000000000000001,0.0014444444444444446,27.333333333333332,-99.86666666666667,0.0,0.0,9,0,Presencia Marginal
7501058715012,Area 3,Powder,Polvo,0.227,0.03783333333333334,0.009000000000000001,0.0015000000000000002,25.445000000000004,-99.90000000000002,0.0,0.0,6,0,Presencia Marginal
7501058715012,Area 4,Powder,Polvo,0.091,0.030333333333333334,0.004,0.0013333333333333333,22.666666666666668,-99.86666666666667,0.0,0.0,3,0,Presencia Marginal
7501058715012,Area 5,Powder,Polvo,0.412,0.03169230769230769,0.015,0.0011538461538461537,27.76923076923077,-99.9,0.0,0.0,13,0,Presencia Marginal
7501058715012,Area 6,Powder,Polvo,0.06,0.03,0.002,0.001,30.0,-99.9,0.0,0.0,2,0,Presencia Marginal
7501058715029,Area 1,Liquid & Gel,Liquido,0.44699999999999995,0.0894,0.024,0.0048000000000000004,18.740000000000002,-99.9,0.0,0.4,5,0,Presencia Marginal
7501058715029,Area 2,Liquid & Gel,Liquido,0.445,0.11125,0.022,0.0055,21.25,-99.9,0.0,0.75,4,0,Presencia Marginal
7501058715036,Area 1,Liquid & Gel,Liquido,0.299,0.07475,0.016,0.004,19.025,-99.9,0.0,0.5,4,0,Presencia Marginal
7501058715036,Area 2,Liquid & Gel,Liquido,0.02,0.02,0.001,0.001,20.0,-99.9,0.0,0.0,1,0,Presencia Marginal
7501058715036,Area 3,Liquid & Gel,Liquido,0.026,0.026,0.001,0.001,26.0,-99.9,0.0,0.0,1,0,Presencia Marginal
7501058715036,Area 5,Liquid & Gel,Liquido,0.078,0.026,0.003,0.001,26.0,-99.90000000000002,0.0,0.0,3,0,Presencia Marginal
7501058715036,Area 6,Liquid & Gel,Liquido,0.18,0.036,0.009000000000000001,0.0018000000000000002,20.0,-99.84,0.0,0.0,5,0,Presencia Marginal
7501058715098,Area 1,Powder,Polvo,2.921,0.127,0.05,0.002173913043478261,58.43347826086956,-99.84347826086957,1.0,0.0,23,0,Presencia Marginal
7501058715098,Area 2,Powder,Polvo,1.787,0.09927777777777777,0.031,0.0017222222222222222,57.35166666666666,-99.85,1.0,0.0,18,0,Presencia Marginal
7501058715098,Area 3,Powder,Polvo,2.08,0.09043478260869565,0.052000000000000005,0.0022608695652173915,43.797826086956526,-99.85217391304347,0.6086956521739131,0.043478260869565216,23,0,Presencia Marginal
7501058715098,Area 4,Powder,Polvo,0.116,0.058,0.002,0.001,58.0,-99.9,1.0,0.0,2,0,Presencia Marginal
7501058715098,Area 5,Powder,Polvo,2.578,0.11718181818181818,0.049,0.0022272727272727275,53.61000000000001,-99.85909090909091,1.0,0.09090909090909091,22,0,Presencia Marginal
7501058715098,Area 6,Powder,Polvo,0.481,0.06871428571428571,0.009000000000000001,0.0012857142857142859,54.92857142857143,-99.9,0.8571428571428571,0.0,7,0,Presencia Marginal
7501058715364,Area 6,Liquid & Gel,Liquido,21.124,0.26739240506329115,1.038,0.013139240506329114,20.561772151898737,-99.73291139240507,0.0,0.7974683544303798,79,1,Volumen Diversificado
7501058715531,Area 1,Liquid & Gel,Gel,266.289,6.340214285714286,20.373,0.4850714285714286,13.67690476190476,-91.36880952380952,0.0,1.0,42,1,Volumen Diversificado
7501058715531,Area 2,Liquid & Gel,Gel,475.772,11.327904761904762,34.903999999999996,0.8310476190476189,14.086190476190476,-83.60214285714285,0.0,1.0,42,1,Volumen Diversificado
7501058715531,Area 3,Liquid & Gel,Gel,553.132,13.169809523809523,41.687,0.992547619047619,13.949523809523809,-82.93261904761906,0.0,0.9761904761904762,42,1,Volumen Diversificado
7501058715531,Area 4,Liquid & Gel,Gel,534.25,12.720238095238095,40.75,0.9702380952380952,13.899999999999999,-82.93214285714286,0.0,0.9761904761904762,42,1,Volumen Diversificado
7501058715531,Area 5,Liquid & Gel,Gel,664.86,15.83,50.289,1.1973571428571428,13.925476190476191,-86.27142857142857,0.0,1.0,42,1,Volumen Diversificado
7501058715531,Area 6,Liquid & Gel,Gel,493.679,11.754261904761904,36.928,0.8792380952380952,13.94857142857143,-83.37690476190475,0.0,1.0,42,1,Volumen Diversificado
7501058715883,Area 1,Powder,Polvo,1756.501,21.9562625,7.403,0.0925375,238.37662500000002,-94.915875,1.0,0.0,80,2,Nicho Premium
7501058715883,Area 2,Powder,Polvo,3008.714,37.608925,12.58,0.15725,240.525,-90.480625,1.0,0.0,80,2,Nicho Premium
7501058715883,Area 3,Powder,Polvo,4404.632,55.0579,18.254,0.22817500000000002,242.04375,-90.094375,1.0,0.025,80,2,Nicho Premium
7501058715883,Area 4,Powder,Polvo,3220.278,40.253474999999995,13.563,0.1695375,239.531,-91.971375,1.0,0.025,80,2,Nicho Premium
7501058715883,Area 5,Powder,Polvo,11930.064,149.1258,50.297,0.6287125,238.962375,-82.636375,1.0,0.7,80,3,Motor de Ingresos
7501058715883,Area 6,Powder,Polvo,2490.897,31.1362125,10.328,0.1291,242.365,-93.265625,1.0,0.0,80,2,Nicho Premium
7501058715890,Area 1,Powder,Polvo,2224.235,27.802937500000002,9.527,0.11908749999999999,234.228,-94.0435,1.0,0.0,80,2,Nicho Premium
7501058715890,Area 2,Powder,Polvo,3431.407,42.892587500000005,14.559,0.1819875,236.29775,-89.51675,1.0,0.0,80,2,Nicho Premium
7501058715890,Area 3,Powder,Polvo,4672.147,58.4018375,19.826999999999998,0.2478375,237.19587499999997,-89.84400000000001,1.0,0.0375,80,2,Nicho Premium
7501058715890,Area 4,Powder,Polvo,3138.711,39.233887499999994,13.431000000000001,0.16788750000000002,236.12224999999998,-92.075375,1.0,0.025,80,2,Nicho Premium
7501058715890,Area 5,Powder,Polvo,10686.597,133.5824625,46.008,0.5751000000000001,235.028125,-83.42125,1.0,0.45,80,3,Motor de Ingresos
7501058715890,Area 6,Powder,Polvo,2735.94,34.19925,11.604,0.14504999999999998,237.655875,-92.90875,1.0,0.0,80,2,Nicho Premium
7501058716064,Area 1,Powder,Polvo,186.25300000000001,2.3576329113924053,1.588,0.020101265822784813,135.10367088607595,-98.89430379746835,1.0,0.02531645569620253,79,2,Nicho Premium
7501058716064,Area 2,Powder,Polvo,316.828,3.9603499999999996,2.707,0.0338375,129.622875,-97.8485,1.0,0.0,80,2,Nicho Premium
7501058716064,Area 3,Powder,Polvo,263.166,3.289575,2.194,0.027424999999999998,131.918375,-98.736125,1.0,0.0625,80,2,Nicho Premium
7501058716064,Area 4,Powder,Polvo,303.04,3.7880000000000003,2.469,0.030862499999999998,135.11200000000002,-98.40225000000001,1.0,0.05,80,2,Nicho Premium
7501058716064,Area 5,Powder,Polvo,642.946,8.036825,4.839,0.06048750000000001,141.639625,-97.821625,1.0,0.15,80,2,Nicho Premium
7501058716064,Area 6,Powder,Polvo,710.048,8.8756,5.2700000000000005,0.065875,142.152625,-96.7355,1.0,0.0375,80,2,Nicho Premium
7501058716071,Area 1,Powder,Polvo,183.932,2.29915,1.539,0.019237499999999998,135.45250000000001,-98.988875,1.0,0.0375,80,2,Nicho Premium
7501058716071,Area 2,Powder,Polvo,245.309,3.1051772151898733,2.097,0.026544303797468354,131.8532911392405,-98.37822784810126,1.0,0.02531645569620253,79,2,Nicho Premium
7501058716071,Area 3,Powder,Polvo,286.378,3.6715128205128202,2.328,0.029846153846153845,135.6971794871795,-98.68871794871795,1.0,0.07692307692307693,78,2,Nicho Premium
7501058716071,Area 4,Powder,Polvo,356.956,4.46195,2.695,0.033687499999999995,144.78074999999998,-98.309375,1.0,0.0375,80,2,Nicho Premium
7501058716071,Area 5,Powder,Polvo,877.567,10.9695875,6.233,0.0779125,149.290625,-97.49600000000001,1.0,0.35,80,2,Nicho Premium
7501058716071,Area 6,Powder,Polvo,778.574,9.732175,5.671,0.0708875,145.325875,-96.80437500000001,1.0,0.075,80,2,Nicho Premium
7501058716088,Area 1,Liquid & Gel,Liquido,617.299,7.7162375,4.155,0.051937500000000004,151.852375,-97.5845,1.0,0.075,80,2,Nicho Premium
7501058716088,Area 2,Liquid & Gel,Liquido,1702.639,21.282987499999997,12.457,0.1557125,146.26125,-93.174375,1.0,0.0375,80,2,Nicho Premium
7501058716088,Area 3,Liquid & Gel,Liquido,1270.914,15.886425,8.507,0.1063375,155.81900000000002,-96.275625,1.0,0.275,80,2,Nicho Premium
7501058716088,Area 4,Liquid & Gel,Liquido,1115.342,13.941775000000002,7.912,0.0989,149.203,-95.91312500000001,1.0,0.0875,80,2,Nicho Premium
7501058716088,Area 5,Liquid & Gel,Liquido,2611.001,32.6375125,17.374,0.21717499999999998,155.75074999999998,-94.285875,1.0,0.6125,80,2,Nicho Premium
7501058716088,Area 6,Liquid & Gel,Liquido,1877.382,23.467275,12.785,0.1598125,149.36012499999998,-94.06625,1.0,0.225,80,2,Nicho Premium
7501058716095,Area 1,Liquid & Gel,Liquido,408.867,5.110837500000001,2.741,0.0342625,153.715875,-97.99175,1.0,0.0125,80,2,Nicho Premium
7501058716095,Area 2,Liquid & Gel,Liquido,1095.046,13.688075000000001,8.1,0.10124999999999999,146.96475,-94.56174999999999,1.0,0.0125,80,2,Nicho Premium
7501058716095,Area 3,Liquid & Gel,Liquido,749.533,9.3691625,4.999,0.062487499999999994,157.46300000000002,-96.90650000000001,1.0,0.0375,80,2,Nicho Premium
7501058716095,Area 4,Liquid & Gel,Liquido,678.1610000000001,8.4770125,4.742,0.059275,151.43025,-96.716375,1.0,0.025,80,2,Nicho Premium
7501058716095,Area 5,Liquid & Gel,Liquido,1535.996,19.19995,10.233,0.1279125,155.45250000000001,-95.329625,1.0,0.1625,80,2,Nicho Premium
7501058716095,Area 6,Liquid & Gel,Liquido,1211.528,15.1441,8.225,0.1028125,149.878625,-94.810375,1.0,0.0,80,2,Nicho Premium
7501058716422,Area 1,Powder,Polvo,67.899,0.8594810126582278,0.954,0.012075949367088607,71.26177215189874,-99.50126582278482,1.0,0.13924050632911392,79,2,Nicho Premium
7501058716422,Area 2,Powder,Polvo,89.13,1.114125,1.41,0.017625,67.0135,-99.14874999999999,1.0,0.0625,80,2,Nicho Premium
7501058716422,Area 3,Powder,Polvo,150.03,1.875375,2.348,0.029349999999999998,67.20287499999999,-98.95875,0.9875,0.2375,80,2,Nicho Premium
7501058716422,Area 4,Powder,Polvo,176.469,2.2058625,2.714,0.033925,67.94987499999999,-98.778625,0.9875,0.2125,80,2,Nicho Premium
7501058716422,Area 5,Powder,Polvo,396.885,4.9610625,6.124,0.07654999999999999,67.987,-97.98362499999999,0.9875,0.4875,80,2,Nicho Premium
7501058716422,Area 6,Powder,Polvo,231.458,2.893225,3.2520000000000002,0.040650000000000006,71.0025,-98.708625,1.0,0.425,80,2,Nicho Premium
7501058716439,Area 1,Powder,Polvo,0.021,0.0105,0.0,0.0,0.0,-100.0,0.0,0.0,2,0,Presencia Marginal
7501058716439,Area 2,Powder,Polvo,0.007,0.007,0.0,0.0,0.0,-100.0,0.0,0.0,1,0,Presencia Marginal
7501058716439,Area 6,Powder,Polvo,0.007,0.007,0.0,0.0,0.0,-100.0,0.0,0.0,1,0,Presencia Marginal
7501058716446,Area 6,Powder,Polvo,0.007,0.007,0.001,0.001,7.0,-99.9,0.0,0.0,1,0,Presencia Marginal
7501058716453,Area 1,Liquid & Gel,Liquido,6.218,0.16805405405405405,0.124,0.0033513513513513515,47.13675675675675,-99.8,0.7027027027027027,0.08108108108108109,37,0,Presencia Marginal
7501058716453,Area 2,Liquid & Gel,Liquido,14.138,0.26675471698113207,0.23299999999999998,0.00439622641509434,60.83075471698113,-99.74905660377358,0.8679245283018868,0.03773584905660377,53,2,Nicho Premium
7501058716453,Area 3,Liquid & Gel,Liquido,6.246,0.26025000000000004,0.095,0.003958333333333334,66.59541666666667,-99.77499999999999,1.0,0.0,24,0,Presencia Marginal
7501058716453,Area 4,Liquid & Gel,Liquido,19.688,0.78752,0.301,0.01204,59.045199999999994,-99.464,0.88,0.08,25,0,Presencia Marginal
7501058716453,Area 5,Liquid & Gel,Liquido,51.316,1.603625,0.771,0.02409375,67.96,-99.26875,1.0,0.28125,32,0,Presencia Marginal
7501058716453,Area 6,Liquid & Gel,Liquido,72.615,2.135735294117647,1.105,0.0325,61.088529411764696,-98.87647058823529,0.9117647058823529,0.20588235294117646,34,0,Presencia Marginal
7501058716477,Area 2,Liquid & Gel,Liquido,767.264,9.5908,27.381,0.3422625,28.503125,-95.5275,0.0,1.0,80,1,Volumen Diversificado
7501058716477,Area 4,Liquid & Gel,Liquido,16.195,0.22809859154929576,0.62,0.008732394366197183,26.18,-99.78,0.0,0.6056338028169014,71,1,Volumen Diversificado
7501058716477,Area 6,Liquid & Gel,Liquido,21.319,0.2698607594936709,0.606,0.007670886075949367,36.447848101265826,-99.70164556962025,0.6708860759493671,0.20253164556962025,79,2,Nicho Premium
7501058716767,Area 1,Liquid & Gel,Gel,4516.191,59.423565789473685,30.659,0.4034078947368421,148.8392105263158,-90.77697368421053,1.0,0.8947368421052632,76,2,Nicho Premium
7501058716767,Area 2,Liquid & Gel,Gel,6051.695,79.62756578947368,40.309,0.5303815789473684,151.83486842105265,-84.16447368421052,1.0,0.3815789473684211,76,2,Nicho Premium
7501058716767,Area 3,Liquid & Gel,Gel,15314.825,201.5108552631579,100.473,1.3220131578947367,153.52631578947367,-79.54236842105263,1.0,0.9736842105263158,76,3,Motor de Ingresos
7501058716767,Area 4,Liquid & Gel,Gel,9819.562,129.20476315789475,64.525,0.849013157894737,153.55513157894737,-80.9707894736842,1.0,0.9605263157894737,76,3,Motor de Ingresos
7501058716767,Area 5,Liquid & Gel,Gel,23626.601,310.8763289473684,156.977,2.0654868421052632,152.00184210526314,-77.95894736842105,1.0,1.0,76,3,Motor de Ingresos
7501058716767,Area 6,Liquid & Gel,Gel,6714.403,88.34740789473685,44.308,0.583,152.73763157894737,-84.66552631578948,1.0,0.8289473684210527,76,3,Motor de Ingresos
7501058716798,Area 1,Liquid & Gel,Gel,2877.536,37.86231578947368,19.445,0.25585526315789475,149.10618421052632,-91.61671052631579,1.0,0.2894736842105263,76,2,Nicho Premium
7501058716798,Area 2,Liquid & Gel,Gel,3565.67,46.91671052631579,23.726,0.3121842105263158,151.50763157894735,-86.91157894736841,1.0,0.039473684210526314,76,2,Nicho Premium
7501058716798,Area 3,Liquid & Gel,Gel,8396.207,110.47640789473685,54.971,0.7233026315789474,153.60434210526316,-82.02434210526316,1.0,0.9210526315789473,76,3,Motor de Ingresos
7501058716798,Area 4,Liquid & Gel,Gel,4967.05,65.35592105263159,32.675,0.42993421052631575,153.38447368421052,-85.21868421052632,1.0,0.15789473684210525,76,2,Nicho Premium
7501058716798,Area 5,Liquid & Gel,Gel,13247.174,174.30492105263158,87.844,1.1558421052631578,152.09776315789475,-80.03289473684211,1.0,0.9736842105263158,76,3,Motor de Ingresos
7501058716798,Area 6,Liquid & Gel,Gel,3275.539,43.09919736842105,21.631,0.2846184210526316,152.51763157894737,-88.66881578947368,1.0,0.06578947368421052,76,2,Nicho Premium
7501058716804,Area 1,Pretreat,Liquido,1089.351,13.6168875,13.859,0.1732375,79.010875,-92.512125,1.0,0.0,80,2,Nicho Premium
7501058716804,Area 2,Pretreat,Liquido,2863.912,35.798899999999996,35.358,0.44197499999999995,81.180375,-84.28,1.0,0.1,80,2,Nicho Premium
7501058716804,Area 3,Pretreat,Liquido,1403.691,17.5461375,17.424,0.2178,80.8155,-91.66775,1.0,0.075,80,2,Nicho Premium
7501058716804,Area 4,Pretreat,Liquido,894.182,11.177275,11.318,0.141475,79.92625000000001,-94.116625,1.0,0.0375,80,2,Nicho Premium
7501058716804,Area 5,Pretreat,Liquido,1852.398,23.154975,23.476,0.29345,80.18724999999999,-91.962375,1.0,0.775,80,2,Nicho Premium
7501058716804,Area 6,Pretreat,Liquido,1263.727,15.796587500000001,15.842,0.198025,80.480125,-91.4035,1.0,0.0,80,2,Nicho Premium
7501058717009,Area 1,Powder,Polvo,0.02,0.02,0.001,0.001,20.0,-99.9,0.0,0.0,1,0,Presencia Marginal
7501058717009,Area 2,Powder,Polvo,0.06,0.02,0.003,0.001,20.0,-99.90000000000002,0.0,0.0,3,0,Presencia Marginal
7501058717009,Area 3,Powder,Polvo,0.132,0.033,0.007,0.00175,19.5,-99.9,0.0,0.25,4,0,Presencia Marginal
7501058717009,Area 4,Powder,Polvo,0.12,0.02,0.006,0.001,20.0,-99.90000000000002,0.0,0.0,6,0,Presencia Marginal
7501058717009,Area 5,Powder,Polvo,0.08,0.02,0.004,0.001,20.0,-99.9,0.0,0.0,4,0,Presencia Marginal
7501058717009,Area 6,Powder,Polvo,0.02,0.02,0.001,0.001,20.0,-99.9,0.0,0.0,1,0,Presencia Marginal
7501058717016,Area 1,Powder,Polvo,0.06,0.02,0.003,0.001,20.0,-99.90000000000002,0.0,0.0,3,0,Presencia Marginal
7501058717016,Area 2,Powder,Polvo,0.74,0.06166666666666667,0.037,0.0030833333333333333,20.0,-99.89166666666667,0.0,0.25,12,0,Presencia Marginal
7501058717016,Area 3,Powder,Polvo,1.3,0.05652173913043478,0.065,0.002826086956521739,20.0,-99.8913043478261,0.0,0.2608695652173913,23,0,Presencia Marginal
7501058717016,Area 6,Powder,Polvo,0.08,0.02,0.004,0.001,20.0,-99.9,0.0,0.0,4,0,Presencia Marginal
7501058717023,Area 1,Liquid & Gel,Gel,6243.884,78.04855,279.241,3.4905125,22.60525,-86.37375,0.0,1.0,80,1,Volumen Diversificado
7501058717023,Area 2,Liquid & Gel,Gel,11141.742,139.271775,494.089,6.1761125,22.81925,-74.99375,0.0,1.0,80,4,Alta Rotación
7501058717023,Area 3,Liquid & Gel,Gel,15391.071,192.3883875,678.438,8.480475,22.994125,-74.32124999999999,0.0,1.0,80,4,Alta Rotación
7501058717023,Area 4,Liquid & Gel,Gel,12205.66,152.57075,552.784,6.9098,22.404,-74.56875,0.0,1.0,80,4,Alta Rotación
7501058717023,Area 5,Liquid & Gel,Gel,24198.836,302.48545,1048.888,13.111099999999999,23.338375,-75.675,0.0,1.0,80,4,Alta Rotación
7501058717023,Area 6,Liquid & Gel,Gel,10181.664,127.27080000000001,458.609,5.7326125,22.50475,-77.2775,0.0,1.0,80,4,Alta Rotación
7501058717030,Area 1,Liquid & Gel,Gel,4909.512,61.3689,216.754,2.709425,22.806,-86.5925,0.0,1.0,80,1,Volumen Diversificado
7501058717030,Area 2,Liquid & Gel,Gel,8060.681,100.7585125,354.655,4.4331875,22.941,-75.46875,0.0,1.0,80,4,Alta Rotación
7501058717030,Area 3,Liquid & Gel,Gel,11301.771,141.2721375,497.717,6.2214624999999995,22.947625,-74.72,0.0,1.0,80,4,Alta Rotación
7501058717030,Area 4,Liquid & Gel,Gel,8645.886,108.073575,390.256,4.8782,22.49075,-74.47749999999999,0.0,1.0,80,4,Alta Rotación
7501058717030,Area 5,Liquid & Gel,Gel,17485.956,218.57444999999998,755.027,9.4378375,23.396375,-75.70375,0.0,1.0,80,4,Alta Rotación
7501058717030,Area 6,Liquid & Gel,Gel,6917.378,86.467225,308.883,3.8610374999999997,22.651625000000003,-77.185,0.0,1.0,80,1,Volumen Diversificado
7501058751188,Area 1,Liquid & Gel,Liquido,2592.631,32.4078875,27.05,0.338125,95.959125,-87.50912500000001,1.0,0.1125,80,2,Nicho Premium
7501058751188,Area 2,Liquid & Gel,Liquido,4204.197,52.552462500000004,43.367,0.5420874999999999,97.20962499999999,-78.92825,1.0,0.0375,80,2,Nicho Premium
7501058751188,Area 3,Liquid & Gel,Liquido,3613.454,45.168175000000005,37.341,0.4667625,97.40825,-86.316625,1.0,0.625,80,2,Nicho Premium
7501058751188,Area 4,Liquid & Gel,Liquido,2487.709,31.096362499999998,25.993,0.3249125,96.28275,-88.14475,1.0,0.075,80,2,Nicho Premium
7501058751188,Area 5,Liquid & Gel,Liquido,7655.123,95.6890375,79.977,0.9997125,96.459625,-77.8225,1.0,0.9875,80,3,Motor de Ingresos
7501058751188,Area 6,Liquid & Gel,Liquido,2987.698,37.346225,31.071,0.3883875,96.389375,-86.593875,1.0,0.125,80,2,Nicho Premium
7501058751195,Area 1,Liquid & Gel,Liquido,6267.533,78.34416250000001,112.547,1.4068375,55.74912500000001,-68.29400000000001,1.0,0.9875,80,3,Motor de Ingresos
7501058751195,Area 2,Liquid & Gel,Liquido,11348.436,141.85545,220.045,2.7505625,51.67925,-47.384875,1.0,1.0,80,3,Motor de Ingresos
7501058751195,Area 3,Liquid & Gel,Liquido,7510.26,93.87825000000001,133.683,1.6710375,56.469375,-68.121875,1.0,1.0,80,3,Motor de Ingresos
7501058751195,Area 4,Liquid & Gel,Liquido,5280.378,66.004725,94.24,1.178,56.351125,-70.155625,1.0,0.925,80,3,Motor de Ingresos
7501058751195,Area 5,Liquid & Gel,Liquido,10065.654,125.82067500000001,183.184,2.2898,55.34525,-66.615375,1.0,1.0,80,3,Motor de Ingresos
7501058751195,Area 6,Liquid & Gel,Liquido,5641.843,70.5230375,99.99,1.2498749999999998,56.605999999999995,-67.7335,1.0,0.9,80,3,Motor de Ingresos
7501058751461,Area 1,Liquid & Gel,Liquido,3135.22,39.19025,16.767,0.20958749999999998,188.50062499999999,-88.406875,1.0,0.0,80,2,Nicho Premium
7501058751461,Area 2,Liquid & Gel,Liquido,5849.018,73.112725,34.482,0.431025,171.144625,-82.71437499999999,1.0,0.05,80,2,Nicho Premium
7501058751461,Area 3,Liquid & Gel,Liquido,3635.24,45.4405,19.806,0.24757500000000002,185.268375,-90.57525000000001,1.0,0.0875,80,2,Nicho Premium
7501058751461,Area 4,Liquid & Gel,Liquido,2533.049,31.6631125,14.081,0.1760125,181.292125,-92.366125,1.0,0.0625,80,2,Nicho Premium
7501058751461,Area 5,Liquid & Gel,Liquido,7356.446,91.955575,40.44,0.5055,184.252125,-86.958875,1.0,0.8125,80,3,Motor de Ingresos
7501058751461,Area 6,Liquid & Gel,Liquido,2319.236,28.99045,12.874,0.160925,180.558375,-92.477875,1.0,0.0,80,2,Nicho Premium
7501058752772,Area 2,Liquid & Gel,Liquido,863.578,10.794725,32.562,0.40702499999999997,26.593624999999996,-95.19125,0.0,1.0,80,1,Volumen Diversificado
7501058752772,Area 4,Liquid & Gel,Liquido,5.92,0.0925,0.26,0.0040625,23.5321875,-99.83765625,0.0,0.234375,64,0,Presencia Marginal
7501058752772,Area 6,Liquid & Gel,Liquido,443.664,5.5458,15.120000000000001,0.189,29.80975,-95.56537499999999,0.0,0.8875,80,1,Volumen Diversificado
7501058753205,Area 1,Liquid & Gel,Liquido,0.021,0.021,0.001,0.001,21.0,-99.9,0.0,0.0,1,0,Presencia Marginal
7501058753205,Area 2,Liquid & Gel,Liquido,0.042,0.021,0.002,0.001,21.0,-99.9,0.0,0.0,2,0,Presencia Marginal
7501058753205,Area 3,Liquid & Gel,Liquido,0.074,0.074,0.003,0.003,24.67,-99.9,0.0,0.0,1,0,Presencia Marginal
7501058753205,Area 4,Liquid & Gel,Liquido,0.036,0.036,0.001,0.001,36.0,-99.9,0.0,0.0,1,0,Presencia Marginal
7501058753205,Area 5,Liquid & Gel,Liquido,0.203,0.029,0.009000000000000001,0.0012857142857142859,21.214285714285715,-99.88571428571429,0.14285714285714285,0.0,7,0,Presencia Marginal
7501058753205,Area 6,Liquid & Gel,Liquido,0.045,0.045,0.001,0.001,45.0,-99.9,1.0,0.0,1,0,Presencia Marginal
7501058753441,Area 1,Powder,Polvo,4038.053,50.4756625,164.405,2.0550625,24.509999999999998,-72.37112499999999,0.0,1.0,80,1,Volumen Diversificado
7501058753441,Area 2,Powder,Polvo,6025.597,75.3199625,259.439,3.2429875000000004,23.217125,-53.708375000000004,0.0,1.0,80,1,Volumen Diversificado
7501058753441,Area 3,Powder,Polvo,4079.378,50.992225000000005,184.47,2.305875,22.16375,-72.447125,0.0,1.0,80,1,Volumen Diversificado
7501058753441,Area 4,Powder,Polvo,3931.535,49.1441875,179.975,2.2496875,21.945249999999998,-71.113625,0.0,1.0,80,1,Volumen Diversificado
7501058753441,Area 5,Powder,Polvo,5680.016,71.00019999999999,257.637,3.2204625,22.140375,-74.63624999999999,0.0,1.0,80,1,Volumen Diversificado
7501058753441,Area 6,Powder,Polvo,4866.187,60.8273375,215.799,2.6974875000000003,22.574625,-66.115125,0.0,1.0,80,1,Volumen Diversificado
7501058753458,Area 1,Powder,Polvo,3215.234,40.190425,142.507,1.7813375,22.545499999999997,-78.331875,0.0,1.0,80,1,Volumen Diversificado
7501058753458,Area 2,Powder,Polvo,7425.118,92.813975,318.56,3.982,23.260749999999998,-53.951625,0.0,1.0,80,4,Alta Rotación
7501058753458,Area 3,Powder,Polvo,5323.682,66.546025,240.864,3.0108,22.158625,-72.042625,0.0,1.0,80,1,Volumen Diversificado
7501058753458,Area 4,Powder,Polvo,4562.59,57.032375,207.629,2.5953625,22.04075,-70.19525,0.0,1.0,80,1,Volumen Diversificado
7501058753458,Area 5,Powder,Polvo,6918.235,86.4779375,314.09,3.926125,22.13825,-74.24249999999999,0.0,1.0,80,1,Volumen Diversificado
7501058753458,Area 6,Powder,Polvo,5563.7609999999995,69.5470125,245.308,3.06635,22.689375000000002,-65.829625,0.0,1.0,80,1,Volumen Diversificado
7501058757449,Area 1,Powder,Polvo,2754.065,34.4258125,15.614,0.19517500000000002,178.978875,-92.27000000000001,1.0,0.075,80,2,Nicho Premium
7501058757449,Area 2,Powder,Polvo,6407.341,80.0917625,39.784,0.49729999999999996,163.538,-80.453,1.0,0.05,80,2,Nicho Premium
7501058757449,Area 3,Powder,Polvo,4372.718,54.658975,24.771,0.3096375,179.74025,-88.875,1.0,0.2125,80,2,Nicho Premium
7501058757449,Area 4,Powder,Polvo,3135.789,39.197362500000004,17.661,0.22076250000000003,180.82425,-91.029375,1.0,0.125,80,2,Nicho Premium
7501058757449,Area 5,Powder,Polvo,10274.912,128.4364,58.599000000000004,0.7324875000000001,178.8565,-82.0085,1.0,0.8125,80,3,Motor de Ingresos
7501058757449,Area 6,Powder,Polvo,2319.212,28.99015,13.169,0.1646125,179.019625,-92.64399999999999,1.0,0.0875,80,2,Nicho Premium
7501058757463,Area 2,Liquid & Gel,Liquido,689.974,8.624675,26.011,0.32513749999999997,26.637375,-95.253625,0.0,1.0,80,1,Volumen Diversificado
7501058757463,Area 3,Liquid & Gel,Liquido,5.571,0.07958571428571429,0.158,0.0022571428571428573,37.55714285714286,-99.9,0.6714285714285714,0.18571428571428572,70,2,Nicho Premium
7501058757463,Area 4,Liquid & Gel,Liquido,12.013,0.1501625,0.45,0.005625,28.0205,-99.766875,0.0875,0.225,80,0,Presencia Marginal
7501058757463,Area 5,Liquid & Gel,Liquido,25.644,0.32876923076923076,0.752,0.009641025641025642,37.96923076923077,-99.73846153846155,0.717948717948718,0.34615384615384615,78,2,Nicho Premium
7501058757548,Area 1,Liquid & Gel,Liquido,2334.791,29.184887500000002,62.794,0.784925,37.422250000000005,-84.313625,0.5625,1.0,80,1,Volumen Diversificado
7501058757548,Area 2,Liquid & Gel,Liquido,8848.204,110.60255,246.011,3.0751375,37.075,-66.948125,0.55,1.0,80,3,Motor de Ingresos
7501058757548,Area 3,Liquid & Gel,Liquido,2952.5480000000002,36.906850000000006,76.569,0.9571125,38.955124999999995,-87.412625,0.75,1.0,80,1,Volumen Diversificado
7501058757548,Area 4,Liquid & Gel,Liquido,3025.827,37.822837500000006,78.19200000000001,0.9774,39.12075,-87.385,0.825,1.0,80,1,Volumen Diversificado
7501058757548,Area 5,Liquid & Gel,Liquido,8278.436,103.48044999999999,212.139,2.6517375000000003,39.533625,-81.26625,0.8125,1.0,80,3,Motor de Ingresos
7501058757548,Area 6,Liquid & Gel,Liquido,4652.584,58.1573,115.464,1.4433,40.382999999999996,-82.26124999999999,0.9125,1.0,80,3,Motor de Ingresos
7501058757555,Area 1,Liquid & Gel,Liquido,1839.187,22.9898375,49.289,0.6161125000000001,37.544125,-86.599875,0.5625,1.0,80,1,Volumen Diversificado
7501058757555,Area 2,Liquid & Gel,Liquido,4635.121,57.939012500000004,125.462,1.568275,38.213875,-75.41012500000001,0.7125,1.0,80,3,Motor de Ingresos
7501058757555,Area 3,Liquid & Gel,Liquido,2251.376,28.142200000000003,58.251,0.7281375,39.007125,-87.69137500000001,0.7375,1.0,80,1,Volumen Diversificado
7501058757555,Area 4,Liquid & Gel,Liquido,2000.135,25.0016875,51.731,0.6466375,39.097750000000005,-87.91499999999999,0.825,1.0,80,1,Volumen Diversificado
7501058757555,Area 5,Liquid & Gel,Liquido,5123.027,64.0378375,131.49099999999999,1.6436374999999999,39.5355,-81.787625,0.8625,1.0,80,3,Motor de Ingresos
7501058757555,Area 6,Liquid & Gel,Liquido,3133.493,39.168662499999996,78.756,0.98445,39.7915,-83.05425,0.9375,1.0,80,1,Volumen Diversificado
7501058757630,Area 1,Pretreat,Liquido,1792.881,22.411012500000002,17.698,0.221225,102.45487499999999,-92.309875,1.0,0.1375,80,2,Nicho Premium
7501058757630,Area 2,Pretreat,Liquido,4082.157,51.0269625,38.512,0.4814,105.55574999999999,-83.807625,1.0,0.1875,80,2,Nicho Premium
7501058757630,Area 3,Pretreat,Liquido,2335.506,29.193824999999997,21.866,0.273325,106.85962500000001,-90.88374999999999,1.0,0.2125,80,2,Nicho Premium
7501058757630,Area 4,Pretreat,Liquido,1805.666,22.570825,16.869,0.2108625,107.106,-91.6505,1.0,0.0375,80,2,Nicho Premium
7501058757630,Area 5,Pretreat,Liquido,5868.905,73.3613125,55.07,0.688375,106.78562500000001,-83.592375,1.0,0.9875,80,3,Motor de Ingresos
7501058757630,Area 6,Pretreat,Liquido,1870.508,23.38135,17.487,0.2185875,107.09575,-92.214125,1.0,0.0625,80,2,Nicho Premium
7501058757791,Area 1,Liquid & Gel,Liquido,5609.276,70.11595,30.22,0.37775,187.32662499999998,-81.352875,1.0,0.0,80,2,Nicho Premium
7501058757791,Area 2,Liquid & Gel,Liquido,11031.535,137.8941875,64.714,0.808925,172.154875,-75.56125,1.0,0.575,80,3,Motor de Ingresos
7501058757791,Area 3,Liquid & Gel,Liquido,7327.2699999999995,91.590875,39.894,0.498675,185.73025,-86.385375,1.0,0.7375,80,3,Motor de Ingresos
7501058757791,Area 4,Liquid & Gel,Liquido,6090.242,76.12802500000001,33.410000000000004,0.417625,183.95425,-87.25525,1.0,0.4625,80,2,Nicho Premium
7501058757791,Area 5,Liquid & Gel,Liquido,15749.661,196.8707625,86.023,1.0752875,185.871875,-81.795,1.0,1.0,80,3,Motor de Ingresos
7501058757791,Area 6,Liquid & Gel,Liquido,6865.237,85.8154625,37.054,0.463175,186.34875,-83.80199999999999,1.0,0.2125,80,2,Nicho Premium
7501058757890,Area 1,Powder,Polvo,5598.6939999999995,69.98367499999999,60.555,0.7569375,93.14275,-77.61737500000001,1.0,0.5375,80,3,Motor de Ingresos
7501058757890,Area 2,Powder,Polvo,9983.893,124.7986625,107.602,1.3450250000000001,93.219375,-58.225,1.0,0.5,80,3,Motor de Ingresos
7501058757890,Area 3,Powder,Polvo,9013.185,112.6648125,94.852,1.18565,95.593625,-69.188375,1.0,0.9125,80,3,Motor de Ingresos
7501058757890,Area 4,Powder,Polvo,6834.696,85.4337,71.652,0.8956500000000001,95.825,-71.003625,1.0,0.325,80,3,Motor de Ingresos
7501058757890,Area 5,Powder,Polvo,16790.756,209.88445000000002,179.365,2.2420625000000003,94.428375,-60.79375,1.0,1.0,80,3,Motor de Ingresos
7501058757890,Area 6,Powder,Polvo,7451.905,93.14881249999999,79.751,0.9968875,93.4205,-67.20625,1.0,0.25,80,3,Motor de Ingresos
7501058782694Bp1,Area 1,Powder,Polvo,0.024,0.024,0.001,0.001,24.0,-99.9,0.0,0.0,1,0,Presencia Marginal
7501058782694Bp1,Area 3,Powder,Polvo,0.062,0.062,0.006,0.006,10.33,-99.9,0.0,1.0,1,0,Presencia Marginal
7501058784346,Area 1,Powder,Polvo,2307.0,28.8375,13.05,0.16312500000000002,179.25650000000002,-92.501375,1.0,0.0,80,2,Nicho Premium
7501058784346,Area 2,Powder,Polvo,5743.859,71.7982375,35.177,0.4397125,165.3095,-80.13300000000001,1.0,0.0,80,2,Nicho Premium
7501058784346,Area 3,Powder,Polvo,4164.955,52.0619375,23.691,0.2961375,179.59625,-88.655375,1.0,0.1875,80,2,Nicho Premium
7501058784346,Area 4,Powder,Polvo,3489.876,43.623450000000005,19.746,0.246825,180.709375,-89.841,1.0,0.075,80,2,Nicho Premium
7501058784346,Area 5,Powder,Polvo,12170.84,152.1355,69.229,0.8653625,179.385875,-79.091875,1.0,0.8,80,3,Motor de Ingresos
7501058784346,Area 6,Powder,Polvo,3171.063,39.638287500000004,17.846,0.223075,181.223375,-89.88374999999999,1.0,0.0,80,2,Nicho Premium
7501058784353,Area 1,Powder,Polvo,6461.408,80.7676,74.381,0.9297625,87.826125,-69.26525000000001,1.0,0.4,80,3,Motor de Ingresos
7501058784353,Area 2,Powder,Polvo,7104.506,88.806325,76.073,0.9509124999999999,93.87875,-64.609875,1.0,0.0625,80,3,Motor de Ingresos
7501058784353,Area 3,Powder,Polvo,7394.305,92.4288125,78.07000000000001,0.975875,95.48325,-70.6655,1.0,0.4875,80,3,Motor de Ingresos
7501058784353,Area 4,Powder,Polvo,6266.655,78.3331875,65.582,0.8197749999999999,96.18712500000001,-71.58425,1.0,0.1875,80,3,Motor de Ingresos
7501058784353,Area 5,Powder,Polvo,14703.541,183.7942625,157.135,1.9641875,94.5365,-62.08987499999999,1.0,1.0,80,3,Motor de Ingresos
7501058784353,Area 6,Powder,Polvo,6502.218,81.277725,70.121,0.8765124999999999,92.87475,-69.27262499999999,1.0,0.1125,80,3,Motor de Ingresos
7501058784889,Area 1,Liquid & Gel,Liquido,0.053,0.053,0.001,0.001,53.0,-99.9,1.0,0.0,1,0,Presencia Marginal
7501058786548Bp1,Area 1,Liquid & Gel,Liquido,0.08499999999999999,0.042499999999999996,0.002,0.001,42.5,-99.9,1.0,0.0,2,0,Presencia Marginal
7501058786548Bp1,Area 2,Liquid & Gel,Liquido,2.32,0.08592592592592592,0.063,0.0023333333333333335,45.01074074074074,-99.86666666666667,0.9259259259259259,0.1111111111111111,27,0,Presencia Marginal
7501058786548Bp1,Area 4,Liquid & Gel,Liquido,0.104,0.034666666666666665,0.003,0.001,34.666666666666664,-99.90000000000002,0.6666666666666666,0.0,3,0,Presencia Marginal
7501058786548Bp1,Area 5,Liquid & Gel,Liquido,0.181,0.06033333333333333,0.004,0.0013333333333333333,46.166666666666664,-99.90000000000002,1.0,0.0,3,0,Presencia Marginal
7501058786548Bp1,Area 6,Liquid & Gel,Liquido,0.28800000000000003,0.04800000000000001,0.006,0.001,48.0,-99.90000000000002,1.0,0.0,6,0,Presencia Marginal
7501058788931,Area 1,Liquid & Gel,Liquido,0.229,0.229,0.007,0.007,32.71,-99.9,0.0,1.0,1,0,Presencia Marginal
7501058788931,Area 2,Liquid & Gel,Liquido,0.075,0.0375,0.002,0.001,37.5,-99.9,0.5,0.0,2,0,Presencia Marginal
7501058788931,Area 4,Liquid & Gel,Liquido,0.96,0.12,0.022000000000000002,0.0027500000000000003,55.6625,-99.8875,1.0,0.25,8,0,Presencia Marginal
7501058789778Bp1,Area 4,Liquid & Gel,Liquido,0.09,0.09,0.001,0.001,90.0,-99.9,1.0,0.0,1,0,Presencia Marginal
7501058790415Bp1,Area 1,Powder,Polvo,2.225,0.17115384615384616,0.03,0.0023076923076923075,76.47461538461538,-99.86153846153846,1.0,0.07692307692307693,13,0,Presencia Marginal
7501058792778Bp1,Area 1,Powder,Polvo,251.703,3.756761194029851,1.976,0.029492537313432834,128.31626865671643,-98.90552238805971,1.0,0.16417910447761194,67,2,Nicho Premium
7501058792778Bp1,Area 2,Powder,Polvo,450.374,5.925973684210526,3.653,0.04806578947368421,125.41157894736843,-97.62947368421052,1.0,0.013157894736842105,76,2,Nicho Premium
7501058792778Bp1,Area 3,Powder,Polvo,710.125,10.925,5.546,0.08532307692307693,133.6603076923077,-97.52799999999999,1.0,0.3230769230769231,65,2,Nicho Premium
7501058792778Bp1,Area 4,Powder,Polvo,520.768,7.133808219178083,4.007,0.0548904109589041,129.2595890410959,-98.12575342465753,1.0,0.2602739726027397,73,2,Nicho Premium
7501058792778Bp1,Area 5,Powder,Polvo,2011.973,25.46801265822785,15.578,0.1971898734177215,129.2260759493671,-96.09151898734177,1.0,0.4430379746835443,79,2,Nicho Premium
7501058792778Bp1,Area 6,Powder,Polvo,384.843,5.830954545454546,2.972,0.04503030303030303,129.51227272727272,-98.30757575757576,1.0,0.18181818181818182,66,2,Nicho Premium
7501058792778Bp2,Area 1,Powder,Polvo,40.974,0.6115522388059701,1.976,0.029492537313432834,20.902537313432838,-98.90552238805971,0.0,0.16417910447761194,67,0,Presencia Marginal
7501058792778Bp2,Area 2,Powder,Polvo,73.318,0.9647105263157895,3.653,0.04806578947368421,20.42671052631579,-97.62947368421052,0.0,0.013157894736842105,76,0,Presencia Marginal
7501058792778Bp2,Area 3,Powder,Polvo,115.604,1.7785230769230769,5.546,0.08532307692307693,21.748923076923077,-97.52799999999999,0.0,0.3230769230769231,65,0,Presencia Marginal
7501058792778Bp2,Area 4,Powder,Polvo,84.779,1.1613561643835615,4.007,0.0548904109589041,21.054383561643835,-98.12575342465753,0.0,0.2602739726027397,73,0,Presencia Marginal
7501058792778Bp2,Area 5,Powder,Polvo,327.53499999999997,4.146012658227848,15.578,0.1971898734177215,21.0473417721519,-96.09151898734177,0.0,0.4430379746835443,79,1,Volumen Diversificado
7501058792778Bp2,Area 6,Powder,Polvo,62.648,0.9492121212121213,2.972,0.04503030303030303,21.083333333333332,-98.30757575757576,0.0,0.18181818181818182,66,0,Presencia Marginal
7501058792808Bp1,Area 1,Powder,Polvo,389.945,5.415902777777777,3.104,0.043111111111111114,126.82124999999999,-98.84305555555555,1.0,0.3611111111111111,72,2,Nicho Premium
7501058792808Bp1,Area 2,Powder,Polvo,582.361,8.319442857142857,4.971,0.07101428571428571,125.97642857142857,-97.29957142857143,1.0,0.08571428571428572,70,2,Nicho Premium
7501058792808Bp1,Area 3,Powder,Polvo,816.301,11.182205479452055,6.355,0.08705479452054796,130.50342465753425,-97.8231506849315,1.0,0.3972602739726027,73,2,Nicho Premium
7501058792808Bp1,Area 4,Powder,Polvo,490.057,7.314283582089552,3.768,0.05623880597014925,134.32522388059704,-98.17119402985075,1.0,0.2835820895522388,67,2,Nicho Premium
7501058792808Bp1,Area 5,Powder,Polvo,1920.92,24.315443037974685,14.865,0.18816455696202533,127.41227848101265,-96.4279746835443,1.0,0.46835443037974683,79,2,Nicho Premium
7501058792808Bp1,Area 6,Powder,Polvo,439.16,5.778421052631579,3.416,0.04494736842105263,129.08697368421053,-98.50921052631578,1.0,0.2631578947368421,76,2,Nicho Premium
7501058792808Bp2,Area 1,Powder,Polvo,63.484,0.8817222222222223,3.104,0.043111111111111114,20.672916666666666,-98.84305555555555,0.0,0.3611111111111111,72,0,Presencia Marginal
7501058792808Bp2,Area 2,Powder,Polvo,94.80199999999999,1.3543142857142856,4.971,0.07101428571428571,20.49985714285714,-97.29957142857143,0.0,0.08571428571428572,70,0,Presencia Marginal
7501058792808Bp2,Area 3,Powder,Polvo,132.887,1.8203698630136986,6.355,0.08705479452054796,21.24068493150685,-97.8231506849315,0.0,0.3972602739726027,73,0,Presencia Marginal
7501058792808Bp2,Area 4,Powder,Polvo,79.775,1.1906716417910448,3.768,0.05623880597014925,21.851791044776117,-98.17119402985075,0.0,0.2835820895522388,67,0,Presencia Marginal
7501058792808Bp2,Area 5,Powder,Polvo,312.711,3.958367088607595,14.865,0.18816455696202533,20.752531645569622,-96.4279746835443,0.0,0.46835443037974683,79,1,Volumen Diversificado
7501058792808Bp2,Area 6,Powder,Polvo,71.488,0.9406315789473684,3.416,0.04494736842105263,21.020657894736843,-98.50921052631578,0.0,0.2631578947368421,76,0,Presencia Marginal
7501058793898,Area 1,Liquid & Gel,Liquido,0.083,0.083,0.001,0.001,83.0,-99.9,1.0,0.0,1,0,Presencia Marginal
7501058793898,Area 2,Liquid & Gel,Liquido,0.378,0.0756,0.009000000000000001,0.0018000000000000002,42.268,-99.9,1.0,0.0,5,0,Presencia Marginal
7501058793898,Area 3,Liquid & Gel,Liquido,0.094,0.094,0.001,0.001,94.0,-99.9,1.0,0.0,1,0,Presencia Marginal
7501058794949Bp1,Area 1,Liquid & Gel,Gel,204.458,4.259541666666666,1.596,0.03325,116.95687500000001,-99.29645833333335,1.0,0.375,48,2,Nicho Premium
7501058794949Bp1,Area 2,Liquid & Gel,Gel,381.57099999999997,5.156364864864864,3.341,0.04514864864864865,113.67554054054054,-98.73783783783784,1.0,0.3108108108108108,74,2,Nicho Premium
7501058794949Bp1,Area 3,Liquid & Gel,Gel,441.574,9.599434782608697,3.329,0.07236956521739131,131.21847826086957,-98.80195652173914,1.0,0.41304347826086957,46,2,Nicho Premium
7501058794949Bp1,Area 4,Liquid & Gel,Gel,211.17,7.821111111111111,1.647,0.061,133.81444444444446,-98.86666666666667,1.0,0.3333333333333333,27,2,Nicho Premium
7501058794949Bp1,Area 5,Liquid & Gel,Gel,728.909,17.778268292682927,5.444,0.13278048780487806,132.3270731707317,-97.85365853658537,1.0,0.3170731707317073,41,2,Nicho Premium
7501058794949Bp1,Area 6,Liquid & Gel,Gel,166.77,4.276153846153846,1.283,0.03289743589743589,137.68102564102566,-99.1251282051282,1.0,0.20512820512820512,39,2,Nicho Premium
7501058794949Bp2,Area 1,Liquid & Gel,Gel,30.555,0.6365625,1.596,0.03325,17.47041666666667,-99.29645833333335,0.0,0.375,48,0,Presencia Marginal
7501058794949Bp2,Area 2,Liquid & Gel,Gel,57.018,0.7705135135135135,3.341,0.04514864864864865,16.97972972972973,-98.73783783783784,0.0,0.3108108108108108,74,0,Presencia Marginal
7501058794949Bp2,Area 3,Liquid & Gel,Gel,65.981,1.4343695652173911,3.3289999999999997,0.0723695652173913,19.578260869565216,-98.80195652173914,0.0,0.41304347826086957,46,0,Presencia Marginal
7501058794949Bp2,Area 4,Liquid & Gel,Gel,31.554000000000002,1.1686666666666667,1.647,0.061,19.964074074074073,-98.86666666666667,0.0,0.3333333333333333,27,0,Presencia Marginal
7501058794949Bp2,Area 5,Liquid & Gel,Gel,108.91499999999999,2.656463414634146,5.444,0.13278048780487806,19.739268292682926,-97.85365853658537,0.0,0.3170731707317073,41,0,Presencia Marginal
7501058794949Bp2,Area 6,Liquid & Gel,Gel,24.918,0.6389230769230769,1.283,0.03289743589743589,20.53333333333333,-99.1251282051282,0.0,0.20512820512820512,39,0,Presencia Marginal
7501058794956Bp1,Area 1,Liquid & Gel,Gel,97.30499999999999,2.316785714285714,0.762,0.018142857142857145,122.72761904761906,-99.42857142857143,1.0,0.19047619047619047,42,2,Nicho Premium
7501058794956Bp1,Area 2,Liquid & Gel,Gel,308.777,3.9085696202531643,2.822,0.03572151898734177,115.41835443037974,-98.79632911392405,1.0,0.189873417721519,79,2,Nicho Premium
7501058794956Bp1,Area 3,Liquid & Gel,Gel,212.573,6.073514285714286,1.633,0.046657142857142855,126.86000000000001,-98.86542857142857,1.0,0.4,35,2,Nicho Premium
7501058794956Bp1,Area 4,Liquid & Gel,Gel,120.008,3.0002,0.959,0.023975,124.97,-99.255,1.0,0.1,40,2,Nicho Premium
7501058794956Bp1,Area 5,Liquid & Gel,Gel,415.087,6.804704918032787,3.226,0.052885245901639344,108.54459016393443,-98.71360655737705,1.0,0.18032786885245902,61,2,Nicho Premium
7501058794956Bp1,Area 6,Liquid & Gel,Gel,78.884,2.465125,0.596,0.018625,132.058125,-99.24375,1.0,0.09375,32,2,Nicho Premium
7501058794956Bp2,Area 1,Liquid & Gel,Gel,18.532,0.44123809523809526,0.762,0.018142857142857145,23.311666666666667,-99.42857142857143,0.0,0.19047619047619047,42,0,Presencia Marginal
7501058794956Bp2,Area 2,Liquid & Gel,Gel,58.814,0.7444810126582279,2.822,0.03572151898734177,21.956455696202532,-98.79632911392405,0.0,0.189873417721519,79,0,Presencia Marginal
7501058794956Bp2,Area 3,Liquid & Gel,Gel,40.492,1.1569142857142856,1.633,0.046657142857142855,24.135714285714286,-98.86542857142857,0.0,0.4,35,0,Presencia Marginal
7501058794956Bp2,Area 4,Liquid & Gel,Gel,22.854000000000003,0.57135,0.959,0.023975,23.73375,-99.255,0.0,0.1,40,0,Presencia Marginal
7501058794956Bp2,Area 5,Liquid & Gel,Gel,79.065,1.2961475409836065,3.226,0.052885245901639344,20.651147540983608,-98.71360655737705,0.0,0.18032786885245902,61,0,Presencia Marginal
7501058794956Bp2,Area 6,Liquid & Gel,Gel,15.025,0.46953125,0.596,0.018625,25.119375,-99.24375,0.0,0.09375,32,0,Presencia Marginal
7501058794963Bp1,Area 1,Powder,Polvo,6.7620000000000005,0.28175,0.056,0.0023333333333333335,117.58,-99.89583333333333,1.0,0.20833333333333334,24,2,Nicho Premium
7501058794963Bp1,Area 2,Powder,Polvo,19.48,0.487,0.189,0.004725,114.11449999999999,-99.85249999999999,0.975,0.25,40,2,Nicho Premium
7501058794963Bp1,Area 3,Powder,Polvo,17.813,0.4948055555555555,0.162,0.0045000000000000005,107.52861111111112,-99.86666666666667,1.0,0.25,36,2,Nicho Premium
7501058794963Bp1,Area 4,Powder,Polvo,6.076,0.22503703703703704,0.07,0.002592592592592593,87.9511111111111,-99.86666666666667,1.0,0.14814814814814814,27,2,Nicho Premium
7501058794963Bp1,Area 5,Powder,Polvo,43.258,0.86516,0.376,0.00752,112.5866,-99.66,1.0,0.16,50,2,Nicho Premium
7501058794963Bp1,Area 6,Powder,Polvo,9.489,0.4313181818181819,0.081,0.003681818181818182,116.06772727272728,-99.83181818181819,0.9545454545454546,0.18181818181818182,22,2,Nicho Premium
7501058794963Bp2,Area 1,Powder,Polvo,1.0110000000000001,0.042125,0.056,0.0023333333333333335,17.595000000000002,-99.89583333333333,0.0,0.20833333333333334,24,0,Presencia Marginal
7501058794963Bp2,Area 2,Powder,Polvo,2.914,0.07285,0.189,0.004725,17.13575,-99.85249999999999,0.0,0.25,40,0,Presencia Marginal
7501058794963Bp2,Area 3,Powder,Polvo,2.661,0.07391666666666667,0.162,0.0045000000000000005,16.083055555555557,-99.86666666666667,0.0,0.25,36,0,Presencia Marginal
7501058794963Bp2,Area 4,Powder,Polvo,0.912,0.03377777777777778,0.07,0.002592592592592593,13.252592592592592,-99.86666666666667,0.0,0.14814814814814814,27,0,Presencia Marginal
7501058794963Bp2,Area 5,Powder,Polvo,6.462,0.12924,0.376,0.00752,16.8122,-99.66,0.0,0.16,50,0,Presencia Marginal
7501058794963Bp2,Area 6,Powder,Polvo,1.419,0.0645,0.081,0.003681818181818182,17.39636363636364,-99.83181818181819,0.0,0.18181818181818182,22,0,Presencia Marginal
7501058794970Bp1,Area 2,Powder,Polvo,7.33,0.28192307692307694,0.053,0.0020384615384615385,138.2326923076923,-99.85769230769232,1.0,0.0,26,2,Nicho Premium
7501058794970Bp1,Area 5,Powder,Polvo,0.086,0.086,0.001,0.001,86.0,-99.9,1.0,0.0,1,0,Presencia Marginal
7501058794970Bp1,Area 6,Powder,Polvo,3.043,0.2535833333333333,0.022,0.0018333333333333333,138.2275,-99.86666666666667,1.0,0.0,12,2,Nicho Premium
7501058794970Bp2,Area 2,Powder,Polvo,1.097,0.04219230769230769,0.053,0.0020384615384615385,20.767307692307693,-99.85769230769232,0.0,0.0,26,0,Presencia Marginal
7501058794970Bp2,Area 5,Powder,Polvo,0.013,0.013,0.001,0.001,13.0,-99.9,0.0,0.0,1,0,Presencia Marginal
7501058794970Bp2,Area 6,Powder,Polvo,0.455,0.03791666666666667,0.022,0.0018333333333333333,20.7725,-99.86666666666667,0.0,0.0,12,0,Presencia Marginal
7501058796578Bp1,Area 1,Liquid & Gel,Gel,164.32,2.3474285714285714,3.033,0.043328571428571425,54.523857142857146,-98.38428571428571,1.0,0.17142857142857143,70,2,Nicho Premium
7501058796578Bp1,Area 2,Liquid & Gel,Gel,890.193,11.1274125,18.524,0.23155,47.655375,-91.58525,0.975,0.175,80,2,Nicho Premium
7501058796578Bp1,Area 3,Liquid & Gel,Gel,389.223,4.8652875,7.473,0.0934125,53.335125000000005,-97.46525,1.0,0.3875,80,2,Nicho Premium
7501058796578Bp1,Area 4,Liquid & Gel,Gel,211.571,2.6446375,4.061,0.0507625,52.56075,-98.12375,1.0,0.175,80,2,Nicho Premium
7501058796578Bp1,Area 5,Liquid & Gel,Gel,414.614,5.182675,7.831,0.0978875,53.090125,-97.60125000000001,1.0,0.4625,80,2,Nicho Premium
7501058796578Bp1,Area 6,Liquid & Gel,Gel,144.964,1.81205,2.709,0.033862500000000004,53.471000000000004,-98.58624999999999,1.0,0.1375,80,2,Nicho Premium
7501058796578Bp2,Area 1,Liquid & Gel,Gel,164.32,2.3474285714285714,3.033,0.043328571428571425,54.523857142857146,-98.38428571428571,1.0,0.17142857142857143,70,2,Nicho Premium
7501058796578Bp2,Area 2,Liquid & Gel,Gel,890.193,11.1274125,18.524,0.23155,47.655375,-91.58525,0.975,0.175,80,2,Nicho Premium
7501058796578Bp2,Area 3,Liquid & Gel,Gel,389.223,4.8652875,7.473,0.0934125,53.335125000000005,-97.46525,1.0,0.3875,80,2,Nicho Premium
7501058796578Bp2,Area 4,Liquid & Gel,Gel,211.571,2.6446375,4.061,0.0507625,52.56075,-98.12375,1.0,0.175,80,2,Nicho Premium
7501058796578Bp2,Area 5,Liquid & Gel,Gel,414.614,5.182675,7.831,0.0978875,53.090125,-97.60125000000001,1.0,0.4625,80,2,Nicho Premium
7501058796578Bp2,Area 6,Liquid & Gel,Gel,144.964,1.81205,2.709,0.033862500000000004,53.471000000000004,-98.58624999999999,1.0,0.1375,80,2,Nicho Premium
7501058796585,Area 1,Liquid & Gel,Gel,317.492,3.9686500000000002,3.211,0.0401375,100.14475,-98.50387500000001,1.0,0.2125,80,2,Nicho Premium
7501058796585,Area 2,Liquid & Gel,Gel,1561.387,19.5173375,16.251,0.20313750000000003,94.384375,-93.15175,1.0,0.275,80,2,Nicho Premium
7501058796585,Area 3,Liquid & Gel,Gel,563.747,7.0468375,5.657,0.0707125,103.4535,-97.7465,1.0,0.325,80,2,Nicho Premium
7501058796585,Area 4,Liquid & Gel,Gel,422.618,5.282725,4.195,0.052437500000000005,104.63699999999999,-97.8365,1.0,0.0375,80,2,Nicho Premium
7501058796585,Area 5,Liquid & Gel,Gel,951.38,11.89225,9.295,0.1161875,105.99125,-96.92112499999999,1.0,0.5,80,2,Nicho Premium
7501058796585,Area 6,Liquid & Gel,Gel,635.55,7.944374999999999,6.082,0.076025,101.25812499999999,-97.165875,1.0,0.125,80,2,Nicho Premium
7501058796837,Area 1,Bar,Barra,2.093,0.08720833333333333,0.107,0.004458333333333333,19.5025,-99.7625,0.0,0.041666666666666664,24,0,Presencia Marginal
7501058796837,Area 2,Bar,Barra,18.87,0.41021739130434787,0.913,0.01984782608695652,20.477826086956522,-99.30391304347827,0.0,0.32608695652173914,46,0,Presencia Marginal
7501058796837,Area 3,Bar,Barra,0.657,0.038647058823529416,0.029,0.0017058823529411766,22.751176470588234,-99.85882352941178,0.0,0.0,17,0,Presencia Marginal
7501058796837,Area 4,Bar,Barra,2.991,0.04985,0.137,0.0022833333333333334,21.959999999999997,-99.83166666666668,0.0,0.0,60,0,Presencia Marginal
7501058796837,Area 5,Bar,Barra,0.621,0.0388125,0.028,0.00175,22.195,-99.89375000000001,0.0,0.125,16,0,Presencia Marginal
7501058796837,Area 6,Bar,Barra,0.612,0.03825,0.027,0.0016875,22.715,-99.875,0.0,0.0,16,0,Presencia Marginal
7501058796844,Area 1,Bar,Barra,3.008,0.08594285714285714,0.145,0.004142857142857143,21.05914285714286,-99.79428571428572,0.0,0.14285714285714285,35,0,Presencia Marginal
7501058796844,Area 2,Bar,Barra,256.688,3.2085999999999997,12.153,0.1519125,21.31175,-97.985,0.0,0.9625,80,1,Volumen Diversificado
7501058796844,Area 3,Bar,Barra,0.32,0.04,0.015,0.001875,20.4375,-99.8375,0.0,0.0,8,0,Presencia Marginal
7501058796844,Area 4,Bar,Barra,5.048,0.07648484848484849,0.23,0.003484848484848485,21.91409090909091,-99.80181818181818,0.0,0.07575757575757576,66,0,Presencia Marginal
7501058796844,Area 5,Bar,Barra,0.5660000000000001,0.037733333333333334,0.026000000000000002,0.0017333333333333335,22.044666666666668,-99.89333333333335,0.0,0.06666666666666667,15,0,Presencia Marginal
7501058796844,Area 6,Bar,Barra,0.19,0.03166666666666667,0.009000000000000001,0.0015000000000000002,21.055,-99.86666666666667,0.0,0.0,6,0,Presencia Marginal
7501058796851,Area 1,Bar,Barra,931.235,11.6404375,57.461,0.7182625,16.020625000000003,-96.42625000000001,0.0,1.0,80,1,Volumen Diversificado
7501058796851,Area 2,Bar,Barra,1322.931,16.5366375,80.694,1.008675,16.255000000000003,-93.51124999999999,0.0,1.0,80,1,Volumen Diversificado
7501058796851,Area 3,Bar,Barra,1539.874,19.248425,93.022,1.1627750000000001,16.437,-93.78875000000001,0.0,1.0,80,1,Volumen Diversificado
7501058796851,Area 4,Bar,Barra,1323.449,16.5431125,79.721,0.9965125,16.46,-94.2125,0.0,1.0,80,1,Volumen Diversificado
7501058796851,Area 5,Bar,Barra,3508.658,43.858225,210.757,2.6344625,16.567124999999997,-88.125,0.0,1.0,80,1,Volumen Diversificado
7501058796851,Area 6,Bar,Barra,1411.014,17.637674999999998,85.86,1.07325,16.292625,-95.51,0.0,1.0,80,1,Volumen Diversificado
7501058796868,Area 1,Bar,Barra,1163.373,14.5421625,71.702,0.8962749999999999,16.09425,-96.51875,0.0,1.0,80,1,Volumen Diversificado
7501058796868,Area 2,Bar,Barra,1647.245,20.590562499999997,100.688,1.2586,16.293375,-93.44624999999999,0.0,1.0,80,1,Volumen Diversificado
7501058796868,Area 3,Bar,Barra,1912.075,23.9009375,115.163,1.4395375,16.531875,-93.7525,0.0,1.0,80,1,Volumen Diversificado
7501058796868,Area 4,Bar,Barra,1434.431,17.930387500000002,86.658,1.083225,16.45425,-94.39625,0.0,1.0,80,1,Volumen Diversificado
7501058796868,Area 5,Bar,Barra,4259.44,53.242999999999995,259.123,3.2390375,16.4135,-88.1425,0.0,1.0,80,1,Volumen Diversificado
7501058796868,Area 6,Bar,Barra,1532.429,19.155362500000003,93.4,1.1675,16.39,-95.73125,0.0,1.0,80,1,Volumen Diversificado
7501058796950Bp1,Area 1,Liquid & Gel,Gel,6.752,0.1824864864864865,0.2,0.005405405405405406,33.54810810810811,-99.73513513513514,0.4864864864864865,0.13513513513513514,37,0,Presencia Marginal
7501058796950Bp1,Area 2,Liquid & Gel,Gel,1.17,0.058499999999999996,0.068,0.0034000000000000002,25.873,-99.85,0.35,0.1,20,0,Presencia Marginal
7501058796950Bp1,Area 3,Liquid & Gel,Gel,20.202,0.5316315789473685,0.51,0.013421052631578948,40.011842105263156,-99.44736842105263,0.8421052631578947,0.18421052631578946,38,0,Presencia Marginal
7501058796950Bp1,Area 4,Liquid & Gel,Gel,21.342,0.5472307692307692,0.566,0.014512820512820511,37.65692307692307,-99.32564102564102,0.7435897435897436,0.07692307692307693,39,0,Presencia Marginal
7501058796950Bp1,Area 5,Liquid & Gel,Gel,31.873,0.8614324324324325,0.761,0.020567567567567568,41.13081081081081,-99.27054054054055,0.918918918918919,0.24324324324324326,37,0,Presencia Marginal
7501058796950Bp1,Area 6,Liquid & Gel,Gel,6.244,0.26016666666666666,0.221,0.009208333333333334,26.4425,-99.67083333333333,0.2916666666666667,0.375,24,0,Presencia Marginal
7503002319529,Area 1,Liquid & Gel,Liquido,12929.916,161.62394999999998,224.465,2.8058125,57.856624999999994,-48.672125,1.0,1.0,80,3,Motor de Ingresos
7503002319529,Area 2,Liquid & Gel,Liquido,16357.725,204.4715625,316.372,3.95465,51.881375000000006,-42.868125,1.0,1.0,80,3,Motor de Ingresos
7503002319529,Area 3,Liquid & Gel,Liquido,12978.113,162.22641249999998,231.568,2.8946,56.358875,-65.66749999999999,1.0,1.0,80,3,Motor de Ingresos
7503002319529,Area 4,Liquid & Gel,Liquido,9784.651,122.3081375,174.35399999999998,2.1794249999999997,56.48825000000001,-66.083875,1.0,1.0,80,3,Motor de Ingresos
7503002319529,Area 5,Liquid & Gel,Liquido,17205.622,215.07027499999998,313.507,3.9188375,55.229124999999996,-64.356375,1.0,1.0,80,3,Motor de Ingresos
7503002319529,Area 6,Liquid & Gel,Liquido,11795.456,147.4432,208.58,2.60725,56.71425000000001,-59.35825,1.0,1.0,80,3,Motor de Ingresos
7503002319536,Area 1,Liquid & Gel,Liquido,5559.274,69.490925,56.993,0.7124125,97.827,-73.731,1.0,0.025,80,2,Nicho Premium
7503002319536,Area 2,Liquid & Gel,Liquido,7482.654,93.533175,76.57000000000001,0.9571250000000001,98.108375,-70.507125,1.0,0.4875,80,3,Motor de Ingresos
7503002319536,Area 3,Liquid & Gel,Liquido,5621.272,70.2659,56.939,0.7117375,99.7145,-83.70649999999999,1.0,1.0,80,3,Motor de Ingresos
7503002319536,Area 4,Liquid & Gel,Liquido,3629.343,45.3667875,37.114,0.463925,98.60875,-87.16062500000001,1.0,0.75,80,2,Nicho Premium
7503002319536,Area 5,Liquid & Gel,Liquido,10886.015,136.0751875,111.955,1.3994375,98.23125,-76.066125,1.0,1.0,80,3,Motor de Ingresos
7503002319536,Area 6,Liquid & Gel,Liquido,3486.176,43.5772,35.333,0.44166249999999996,98.839125,-87.51487499999999,1.0,0.8625,80,2,Nicho Premium
7702626204208Bp1,Area 1,Powder,Polvo,1171.356,14.64195,110.31700000000001,1.3789625,10.703875,-91.14500000000001,0.0,1.0,80,1,Volumen Diversificado
7702626204208Bp1,Area 2,Powder,Polvo,2070.907,25.886337500000003,191.161,2.3895125,10.927875,-84.25625,0.0,1.0,80,1,Volumen Diversificado
7702626204208Bp1,Area 3,Powder,Polvo,2026.861,25.3357625,186.205,2.3275625,11.03925,-82.83,0.0,1.0,80,1,Volumen Diversificado
7702626204208Bp1,Area 4,Powder,Polvo,1848.788,23.10985,170.00300000000001,2.1250375000000004,11.024750000000001,-81.30125000000001,0.0,1.0,80,1,Volumen Diversificado
7702626204208Bp1,Area 5,Powder,Polvo,1964.344,24.5543,181.42000000000002,2.2677500000000004,11.0345,-87.74875,0.0,1.0,80,1,Volumen Diversificado
7702626204208Bp1,Area 6,Powder,Polvo,2166.4519999999998,27.08065,199.39,2.492375,10.9655,-82.04375,0.0,1.0,80,1,Volumen Diversificado
7702626213774,Area 1,Powder,Polvo,2176.198,27.202475,41.819,0.5227375000000001,52.4265,-83.1205,1.0,0.325,80,2,Nicho Premium
7702626213774,Area 2,Powder,Polvo,4146.734,51.834175,76.256,0.9532,54.178,-65.70225,1.0,0.15,80,3,Motor de Ingresos
7702626213774,Area 3,Powder,Polvo,3441.769,43.0221125,63.679,0.7959875000000001,54.022875,-75.720125,1.0,0.4375,80,3,Motor de Ingresos
7702626213774,Area 4,Powder,Polvo,2740.237,34.2529625,51.107,0.6388375,53.72262500000001,-77.435125,1.0,0.1875,80,2,Nicho Premium
7702626213774,Area 5,Powder,Polvo,5528.209,69.10261249999999,103.635,1.2954375,53.378750000000004,-71.97200000000001,1.0,0.975,80,3,Motor de Ingresos
7702626213774,Area 6,Powder,Polvo,3497.833,43.7229125,64.437,0.8054625,54.121624999999995,-72.897625,1.0,0.225,80,3,Motor de Ingresos
7702626213781,Area 1,Powder,Polvo,2749.146,34.364325,51.257,0.6407125,53.475125000000006,-83.4485,1.0,0.8375,80,3,Motor de Ingresos
7702626213781,Area 2,Powder,Polvo,5570.264,69.6283,101.737,1.2717125,54.312875,-64.28412499999999,1.0,0.7,80,3,Motor de Ingresos
7702626213781,Area 3,Powder,Polvo,3864.816,48.310199999999995,70.496,0.8812,54.326874999999994,-77.710125,1.0,0.9375,80,3,Motor de Ingresos
7702626213781,Area 4,Powder,Polvo,2938.594,36.732425,53.83,0.672875,54.213874999999994,-79.288,1.0,0.4375,80,2,Nicho Premium
7702626213781,Area 5,Powder,Polvo,6273.713,78.4214125,115.69200000000001,1.44615,53.928,-74.376875,1.0,1.0,80,3,Motor de Ingresos
7702626213781,Area 6,Powder,Polvo,3911.437,48.892962499999996,71.161,0.8895125,54.604499999999994,-74.40337500000001,1.0,0.7,80,3,Motor de Ingresos
7891035040191,Area 1,Bar,Barra,0.206,0.017166666666666667,0.016,0.0013333333333333333,13.166666666666666,-99.89166666666667,0.0,0.0,12,0,Presencia Marginal
7891035040191,Area 2,Bar,Barra,0.5609999999999999,0.023374999999999996,0.045,0.001875,12.9375,-99.88333333333334,0.0,0.041666666666666664,24,0,Presencia Marginal
7891035040191,Area 3,Bar,Barra,0.706,0.03069565217391304,0.056,0.0024347826086956524,12.949565217391303,-99.86521739130436,0.0,0.043478260869565216,23,0,Presencia Marginal
7891035040191,Area 4,Bar,Barra,3.2079999999999997,0.06825531914893616,0.28800000000000003,0.006127659574468086,13.158936170212767,-99.84255319148937,0.0,0.0851063829787234,47,0,Presencia Marginal
7891035040191,Area 5,Bar,Barra,3.943,0.06798275862068966,0.283,0.004879310344827586,14.843793103448277,-99.73103448275862,0.017241379310344827,0.10344827586206896,58,0,Presencia Marginal
7891035040191,Area 6,Bar,Barra,6.563,0.09943939393939394,0.502,0.007606060606060606,13.725454545454545,-99.58636363636363,0.0,0.07575757575757576,66,0,Presencia Marginal
7891035040276,Area 1,Bar,Barra,5508.787,68.8598375,420.32,5.254,13.055000000000001,-64.28875000000001,0.0,1.0,80,4,Alta Rotación
7891035040276,Area 2,Bar,Barra,12718.148,158.97684999999998,1010.677,12.6334625,12.554125,-41.156375000000004,0.0,1.0,80,4,Alta Rotación
7891035040276,Area 3,Bar,Barra,5145.412,64.31765,426.007,5.3250875,12.1075,-68.95625,0.0,1.0,80,4,Alta Rotación
7891035040276,Area 4,Bar,Barra,4909.213,61.3651625,406.746,5.084325,12.098375,-69.6825,0.0,1.0,80,4,Alta Rotación
7891035040276,Area 5,Bar,Barra,8006.353,100.0794125,651.184,8.1398,12.337125,-69.58500000000001,0.0,1.0,80,4,Alta Rotación
7891035040276,Area 6,Bar,Barra,7204.9619999999995,90.06202499999999,579.159,7.2394875,12.491625,-64.95375,0.0,1.0,80,4,Alta Rotación
